,Tenure,MonthlyCharges,TotalCharges,SeniorCitizen,Churn
Tenure,1.0,-0.059655306855401026,-0.00567691878642188,-0.040001135171722546,-0.5092083615462357
MonthlyCharges,-0.059655306855401026,1.0,-0.042279620331588774,-0.10569474349194984,0.10738125992040742
TotalCharges,-0.00567691878642188,-0.042279620331588774,1.0,0.016359594963574947,0.004249821343787024
SeniorCitizen,-0.040001135171722546,-0.10569474349194984,0.016359594963574947,1.0,-0.018113590590347048
Churn,-0.5092083615462357,0.10738125992040742,0.004249821343787024,-0.018113590590347048,1.0
