Column,Mean,Median,Mode,Std Dev,Min,Max,Skewness,Kurtosis
Tenure,36.532,37.0,3,20.667056647256803,1,71,-0.09073337765226282,-1.2161096474555984
MonthlyCharges,113.636,115.0,115,51.799903126626134,20,199,-0.08859726926734132,-1.213274717736729
TotalCharges,4237.882,4182.5,4023,2260.619837162443,159,7992,-0.02660596764951451,-1.2241273701174944
