Dataset,Metric,Mean,95% CI Lower,95% CI Upper
Sales Data,Total_Sales,123650.48,103776.34767158539,143524.6123284146
Sales Data,Price,25808.51,23046.95021495411,28570.069785045886
Sales Data,Quantity,4.78,4.266452381357786,5.293547618642214
Churn Data,Tenure,36.532,34.71608143094673,38.34791856905326
Churn Data,MonthlyCharges,113.636,109.08458237105155,118.18741762894844
Churn Data,TotalCharges,4237.882,4039.251802679748,4436.512197320251
