Column,Mean,Median,Mode,Std Dev,Min,Max,Skewness,Kurtosis
Quantity,4.78,5.0,4,2.588162641447763,1,9,0.07297715917209194,-1.1999524820266472
Price,25808.51,24192.0,1308,13917.630241724111,1308,49930,-0.005833858155656331,-1.25911060832073
Total_Sales,123650.48,97955.5,6540,100161.08527499213,6540,373932,0.8784922285609769,-0.18281709321454587
