Dataset,Comparison,Mean Group 1,Mean Group 2,t-statistic,p-value
Sales,Total Sales (East vs West),132612.57894736843,81689.30769230769,2.0202108796829767,0.049619032636626016
Sales,Total Sales (Phone vs Laptop),142969.7,162050.41666666666,-0.5605688172629398,0.5780698288487449
Churn,MonthlyCharges (Stayed vs Churned),111.72259507829978,129.77358490566039,-2.4102471700825414,0.01630315798522395
Churn,Tenure (Stayed vs Churned),40.15212527964206,6.0,13.203437649980335,2.4305693185204627e-34
