Feature,Importance
Tenure,0.4572557651033004
Expected_Payment,0.09907047399563639
Customer_Lifetime_Value,0.09471860709336115
Contract,0.09352411721269571
MonthlyCharges,0.07063088034991248
TotalCharges,0.06039291199710956
Tenure_Group,0.04494877974785442
Payment_Efficiency,0.026617923636264494
PaymentMethod,0.016778787277851207
Avg_Monthly_Spend,0.015311964833132949
PaperlessBilling,0.012360163930463667
SeniorCitizen,0.00838962482241762
